{"calc_001": {"a": 623, "b": 123, "f": "-", "expect": 500}, "calc_002": {"a": 443, "b": 354, "f": "/", "expect": 1.2514124293785311}, "calc_003": {"a": 943, "b": 613, "f": "/", "expect": 1.5383360522022838}, "calc_004": {"a": 815, "b": 555, "f": "/", "expect": 1.4684684684684686}, "calc_005": {"a": 159, "b": 134, "f": "*", "expect": 21306}, "calc_006": {"a": 835, "b": 523, "f": "/", "expect": 1.5965583173996176}, "calc_007": {"a": 923, "b": 244, "f": "/", "expect": 3.7827868852459017}, "calc_008": {"a": 918, "b": 894, "f": "+", "expect": 1812}, "calc_009": {"a": 662, "b": 11, "f": "/", "expect": 60.18181818181818}, "calc_010": {"a": 630, "b": 259, "f": "*", "expect": 163170}, "calc_011": {"a": 997, "b": 472, "f": "+", "expect": 1469}, "calc_012": {"a": 314, "b": 336, "f": "-", "expect": -22}, "calc_013": {"a": 87, "b": 375, "f": "/", "expect": 0.232}, "calc_014": {"a": 81, "b": 127, "f": "*", "expect": 10287}, "calc_015": {"a": 366, "b": 419, "f": "/", "expect": 0.8735083532219571}, "calc_016": {"a": 144, "b": 307, "f": "+", "expect": 451}, "calc_017": {"a": 314, "b": 940, "f": "-", "expect": -626}, "calc_018": {"a": 268, "b": 896, "f": "+", "expect": 1164}, "calc_019": {"a": 888, "b": 437, "f": "+", "expect": 1325}, "calc_020": {"a": 755, "b": 978, "f": "*", "expect": 738390}, "calc_021": {"a": 665, "b": 257, "f": "/", "expect": 2.587548638132296}, "calc_022": {"a": 188, "b": 701, "f": "+", "expect": 889}, "calc_023": {"a": 5, "b": 380, "f": "*", "expect": 1900}, "calc_024": {"a": 27, "b": 762, "f": "+", "expect": 789}, "calc_025": {"a": 335, "b": 934, "f": "-", "expect": -599}, "calc_026": {"a": 590, "b": 278, "f": "/", "expect": 2.1223021582733814}, "calc_027": {"a": 84, "b": 624, "f": "+", "expect": 708}, "calc_028": {"a": 854, "b": 441, "f": "-", "expect": 413}, "calc_029": {"a": 402, "b": 230, "f": "+", "expect": 632}, "calc_030": {"a": 191, "b": 600, "f": "*", "expect": 114600}, "calc_031": {"a": 232, "b": 190, "f": "-", "expect": 42}, "calc_032": {"a": 583, "b": 261, "f": "-", "expect": 322}, "calc_033": {"a": 367, "b": 956, "f": "-", "expect": -589}, "calc_034": {"a": 540, "b": 530, "f": "-", "expect": 10}, "calc_035": {"a": 775, "b": 934, "f": "+", "expect": 1709}, "calc_036": {"a": 427, "b": 463, "f": "/", "expect": 0.9222462203023758}, "calc_037": {"a": 800, "b": 70, "f": "+", "expect": 870}, "calc_038": {"a": 893, "b": 62, "f": "/", "expect": 14.403225806451612}, "calc_039": {"a": 212, "b": 571, "f": "+", "expect": 783}, "calc_040": {"a": 212, "b": 498, "f": "*", "expect": 105576}, "calc_041": {"a": 369, "b": 997, "f": "*", "expect": 367893}, "calc_042": {"a": 698, "b": 747, "f": "*", "expect": 521406}, "calc_043": {"a": 735, "b": 766, "f": "*", "expect": 563010}, "calc_044": {"a": 984, "b": 578, "f": "+", "expect": 1562}, "calc_045": {"a": 155, "b": 271, "f": "+", "expect": 426}, "calc_046": {"a": 773, "b": 754, "f": "/", "expect": 1.0251989389920424}, "calc_047": {"a": 712, "b": 82, "f": "*", "expect": 58384}, "calc_048": {"a": 320, "b": 930, "f": "-", "expect": -610}, "calc_049": {"a": 80, "b": 851, "f": "-", "expect": -771}, "calc_050": {"a": 401, "b": 645, "f": "/", "expect": 0.6217054263565891}, "calc_051": {"a": 587, "b": 836, "f": "*", "expect": 490732}, "calc_052": {"a": 994, "b": 982, "f": "-", "expect": 12}, "calc_053": {"a": 280, "b": 350, "f": "-", "expect": -70}, "calc_054": {"a": 598, "b": 259, "f": "-", "expect": 339}, "calc_055": {"a": 666, "b": 537, "f": "/", "expect": 1.2402234636871508}, "calc_056": {"a": 386, "b": 377, "f": "+", "expect": 763}, "calc_057": {"a": 621, "b": 923, "f": "+", "expect": 1544}, "calc_058": {"a": 703, "b": 459, "f": "/", "expect": 1.5315904139433552}, "calc_059": {"a": 445, "b": 444, "f": "/", "expect": 1.0022522522522523}, "calc_060": {"a": 842, "b": 340, "f": "+", "expect": 1182}, "calc_061": {"a": 184, "b": 459, "f": "+", "expect": 643}, "calc_062": {"a": 370, "b": 522, "f": "/", "expect": 0.7088122605363985}, "calc_063": {"a": 162, "b": 175, "f": "+", "expect": 337}, "calc_064": {"a": 948, "b": 546, "f": "-", "expect": 402}, "calc_065": {"a": 328, "b": 680, "f": "-", "expect": -352}, "calc_066": {"a": 723, "b": 352, "f": "/", "expect": 2.053977272727273}, "calc_067": {"a": 223, "b": 996, "f": "-", "expect": -773}, "calc_068": {"a": 183, "b": 865, "f": "-", "expect": -682}, "calc_069": {"a": 297, "b": 487, "f": "+", "expect": 784}, "calc_070": {"a": 350, "b": 195, "f": "*", "expect": 68250}, "calc_071": {"a": 651, "b": 741, "f": "+", "expect": 1392}, "calc_072": {"a": 87, "b": 8, "f": "/", "expect": 10.875}, "calc_073": {"a": 969, "b": 59, "f": "-", "expect": 910}, "calc_074": {"a": 6, "b": 794, "f": "-", "expect": -788}, "calc_075": {"a": 459, "b": 626, "f": "+", "expect": 1085}, "calc_076": {"a": 464, "b": 402, "f": "/", "expect": 1.154228855721393}, "calc_077": {"a": 410, "b": 268, "f": "-", "expect": 142}, "calc_078": {"a": 125, "b": 680, "f": "+", "expect": 805}, "calc_079": {"a": 640, "b": 158, "f": "-", "expect": 482}, "calc_080": {"a": 245, "b": 834, "f": "*", "expect": 204330}, "calc_081": {"a": 72, "b": 768, "f": "-", "expect": -696}, "calc_082": {"a": 606, "b": 277, "f": "+", "expect": 883}, "calc_083": {"a": 848, "b": 910, "f": "/", "expect": 0.9318681318681319}, "calc_084": {"a": 309, "b": 518, "f": "*", "expect": 160062}, "calc_085": {"a": 429, "b": 974, "f": "*", "expect": 417846}, "calc_086": {"a": 618, "b": 358, "f": "*", "expect": 221244}, "calc_087": {"a": 939, "b": 112, "f": "+", "expect": 1051}, "calc_088": {"a": 857, "b": 340, "f": "-", "expect": 517}, "calc_089": {"a": 176, "b": 909, "f": "/", "expect": 0.1936193619361936}, "calc_090": {"a": 667, "b": 280, "f": "*", "expect": 186760}, "calc_091": {"a": 456, "b": 714, "f": "+", "expect": 1170}, "calc_092": {"a": 883, "b": 919, "f": "+", "expect": 1802}, "calc_093": {"a": 230, "b": 615, "f": "/", "expect": 0.37398373983739835}, "calc_094": {"a": 108, "b": 755, "f": "/", "expect": 0.14304635761589404}, "calc_095": {"a": 244, "b": 382, "f": "+", "expect": 626}, "calc_096": {"a": 836, "b": 137, "f": "+", "expect": 973}, "calc_097": {"a": 613, "b": 536, "f": "-", "expect": 77}, "calc_098": {"a": 22, "b": 257, "f": "-", "expect": -235}, "calc_099": {"a": 584, "b": 168, "f": "*", "expect": 98112}, "calc_100": {"a": 950, "b": 471, "f": "*", "expect": 447450}, "calc_101": {"a": 881, "b": 726, "f": "/", "expect": 1.2134986225895317}, "calc_102": {"a": 472, "b": 718, "f": "*", "expect": 338896}, "calc_103": {"a": 541, "b": 96, "f": "-", "expect": 445}, "calc_104": {"a": 861, "b": 672, "f": "*", "expect": 578592}, "calc_105": {"a": 463, "b": 496, "f": "*", "expect": 229648}, "calc_106": {"a": 626, "b": 660, "f": "-", "expect": -34}, "calc_107": {"a": 809, "b": 135, "f": "-", "expect": 674}, "calc_108": {"a": 980, "b": 529, "f": "+", "expect": 1509}, "calc_109": {"a": 320, "b": 54, "f": "/", "expect": 5.925925925925926}, "calc_110": {"a": 319, "b": 873, "f": "/", "expect": 0.3654066437571592}, "calc_111": {"a": 233, "b": 283, "f": "-", "expect": -50}, "calc_112": {"a": 677, "b": 939, "f": "+", "expect": 1616}, "calc_113": {"a": 53, "b": 82, "f": "*", "expect": 4346}, "calc_114": {"a": 767, "b": 35, "f": "+", "expect": 802}, "calc_115": {"a": 829, "b": 867, "f": "*", "expect": 718743}, "calc_116": {"a": 419, "b": 901, "f": "-", "expect": -482}, "calc_117": {"a": 152, "b": 939, "f": "*", "expect": 142728}, "calc_118": {"a": 861, "b": 737, "f": "*", "expect": 634557}, "calc_119": {"a": 777, "b": 200, "f": "-", "expect": 577}, "calc_120": {"a": 47, "b": 225, "f": "+", "expect": 272}, "calc_121": {"a": 396, "b": 992, "f": "-", "expect": -596}, "calc_122": {"a": 380, "b": 219, "f": "+", "expect": 599}, "calc_123": {"a": 383, "b": 104, "f": "/", "expect": 3.6826923076923075}, "calc_124": {"a": 260, "b": 795, "f": "-", "expect": -535}, "calc_125": {"a": 859, "b": 60, "f": "-", "expect": 799}, "calc_126": {"a": 254, "b": 847, "f": "+", "expect": 1101}, "calc_127": {"a": 421, "b": 49, "f": "*", "expect": 20629}, "calc_128": {"a": 779,